x,y
75,166
165,185
178,31
168,160
54,176
29,138
126,117
192,187
54,166
2,33
16,101
25,70
15,104
184,19
4,105
96,161
64,198
64,105
17,94
71,201
156,61
11,135
179,154
187,140
36,75
177,69
183,120
40,187
166,155
187,153
77,52
116,137
141,171
108,135
176,184
62,29
168,189
177,1
115,94
67,14
170,96
13,35
10,75
15,81
70,36
106,158
188,54
137,162
162,105
25,161
17,188
137,113
137,137
5,174
80,162
41,193
85,82
22,114
62,113
130,39
65,133
177,96
112,141
13,57
119,94
151,7
83,37
64,28
78,112
3,161
131,86
138,144
85,68
97,48
112,199
15,175
55,91
112,41
89,21
189,120
70,128
65,85
137,180
29,98
81,174
122,186
68,140
48,165
135,134
44,83
110,90
23,97
182,115
169,73
99,105
198,62
150,4
180,0
43,15
31,142
6,174
157,185
166,41
162,62
4,130
187,112
194,106
14,137
107,69
153,0
74,121
159,108
102,0
75,162
103,22
1,78
160,31
20,103
3,42
62,147
100,95
156,143
113,202
177,162
38,156
168,49
178,191
91,85
124,86
112,75
29,130
20,174
95,91
167,190
53,201
139,58
105,104
193,99
90,132
10,192
42,187
171,128
162,65
170,88
80,57
174,67
182,135
113,153
60,183
84,151
190,145
165,186
151,48
178,128
136,134
121,195
27,80
66,120
198,31
197,136
111,78
71,63
41,64
64,13
13,18
176,130
135,2
182,39
67,180
51,158
63,50
94,54
54,47
76,178
42,64
149,192
131,105
80,34
15,171
117,39
188,141
129,187
118,176
60,196
177,45
119,40
182,125
65,4
52,195
66,38
180,14
142,94
159,102
178,61
137,67
21,192
182,22
155,113
45,10
44,34
36,105
61,137
25,87
4,37
110,189
189,84
38,71
66,4
9,196
157,7
154,194
66,93
186,150
29,167
167,12
67,190
38,155
4,199
26,27
123,183
36,201
187,155
192,134
146,202
70,74
117,24
143,150
10,44
68,42
144,29
35,200
5,23
151,144
48,199
23,145
180,8
15,151
29,45
16,83
147,200
38,101
56,117
171,40
45,78
0,52
19,63
116,194
149,3
43,187
45,189
98,198
147,149
160,150
168,87
46,188
157,50
95,50
141,179
25,78
33,152
120,119
139,156
2,64
127,3
174,177
164,122
172,37
19,192
113,68
17,154
71,83
142,69
66,47
37,153
97,11
16,199
39,102
171,87
55,67
172,199
84,65
64,20
149,34
180,146
48,25
145,161
61,71
25,8
35,137
166,93
66,182
8,43
173,142
10,26
78,199
145,53
54,53
135,187
47,82
99,40
109,115
181,156
1,42
44,195
23,47
87,187
31,181
122,65
152,5
115,114
11,4
20,182
80,133
122,29
123,130
97,52
183,130
55,112
118,21
5,104
21,180
26,59
86,15
76,150
50,76
186,202
156,54
110,79
26,40
15,60
136,0
112,200
146,65
146,36
29,31
165,123
157,183
42,161
46,168
122,106
146,52
163,190
67,178
196,77
76,93
88,24
119,140
58,131
123,70
77,188
186,94
170,0
179,20
25,199
129,8
45,195
172,51
14,66
180,73
112,195
2,157
155,127
17,86
87,37
122,2
87,110
69,153
6,53
88,61
168,93
66,131
112,66
181,109
66,59
19,80
52,5
60,37
179,180
50,149
66,189
33,93
113,170
53,115
170,160
58,24
194,33
1,81
27,23
15,156
178,141
189,4
133,167
161,92
45,58
114,195
125,1
57,180
82,24
177,116
10,145
183,186
157,44
161,193
26,190
191,184
7,132
137,183
29,190
46,125
125,86
175,142
113,84
158,194
66,64
88,93
133,29
135,36
180,55
157,11
119,172
26,48
21,22
7,59
3,47
156,21
51,196
196,74
138,28
2,39
121,0
93,11
86,122
162,45
86,33
43,22
8,26
66,60
65,185
45,83
23,144
66,117
150,57
1,125
19,132
91,107
58,58
88,153
193,121
41,78
15,137
26,146
12,96
42,129
111,9
195,64
156,63
127,147
39,98
87,182
36,153
113,142
179,69
47,41
49,38
135,185
1,139
88,202
24,7
56,16
120,73
197,59
154,8
194,10
174,10
142,141
151,69
70,119
24,144
66,136
108,83
3,121
11,159
120,75
63,142
93,105
52,137
54,82
170,85
6,47
193,6
161,144
166,48
98,154
177,39
42,78
53,8
144,166
64,146
63,53
191,105
44,142
153,41
54,2
170,20
193,152
160,170
19,88
56,101
164,138
136,158
137,132
198,13
155,168
32,85
1,14
50,143
14,132
68,149
56,53
72,23
18,126
166,167
58,61
26,133
175,22
94,195
191,116
96,101
166,34
177,63
139,162
176,45
58,166
145,154
54,189
44,31
198,18
23,121
165,85
172,145
160,48
124,124
149,60
50,14
159,101
36,32
123,149
156,65
30,10
177,43
107,46
77,25
144,0
94,202
129,83
5,97
147,34
130,181
103,102
106,64
167,35
145,39
17,69
111,110
85,83
123,20
47,47
106,60
40,112
45,48
105,65
68,199
102,162
147,74
91,181
185,178
86,143
11,22
28,70
151,73
172,46
51,46
179,185
60,162
176,191
193,185
118,137
73,28
142,176
76,8
189,163
83,41
163,60
162,161
132,45
58,186
80,72
3,19
57,40
4,146
36,26
152,46
165,149
92,160
3,185
41,68
167,179
29,29
97,114
119,90
191,78
20,199
61,189
165,129
58,114
48,101
105,6
17,185
51,52
64,41
26,112
42,0
188,51
26,111
176,96
191,145
185,32
164,192
157,141
72,34
177,173
193,143
199,57
28,191
73,197
44,200
17,70
129,36
67,87
198,12
143,173
54,72
140,124
189,2
199,50
78,89
172,72
127,57
24,161
88,92
76,36
79,143
51,13
100,132
23,180
115,65
164,143
103,187
0,177
180,32
136,195
5,72
38,190
153,144
44,160
56,153
55,110
7,179
183,129
0,107
108,35
147,113
127,58
136,1
32,11
61,80
134,53
95,188
18,191
62,46
11,34
40,157
108,0
128,141
9,176
35,165
141,109
14,92
42,51
56,57
194,132
97,28
134,106
90,27
99,101
52,175
61,84
165,156
159,152
178,93
77,176
11,166
75,192
68,119
127,5
163,185
60,175
17,177
79,196
90,150
3,72
199,139
71,88
15,13
123,67
125,138
43,97
174,51
27,68
185,157
61,4
110,24
13,15
31,66
25,121
78,104
175,105
106,129
42,101
31,22
52,190
30,66
181,133
145,160
71,38
160,12
84,168
143,181
192,189
178,90
136,150
30,162
136,148
69,29
122,134
187,130
196,83
170,70
47,112
31,81
64,43
50,35
107,12
60,7
141,50
146,171
65,175
142,193
171,165
191,63
176,103
118,127
68,19
40,28
130,107
28,95
3,84
66,145
20,81
41,156
61,60
59,177
53,196
79,174
165,93
56,139
32,26
119,47
163,202
153,158
19,19
189,195
46,40
59,7
16,42
52,10
8,184
57,10
137,46
0,174
66,115
53,112
62,186
76,51
86,144
163,191
156,115
34,12
108,160
69,40
62,57
83,83
53,62
78,188
55,79
56,5
148,165
137,8
59,157
0,55
179,59
36,120
30,85
193,149
161,58
62,196
117,37
146,53
19,114
81,38
2,119
70,179
167,124
67,193
21,169
125,16
78,85
160,0
189,108
97,10
40,193
159,99
50,32
106,18
176,80
147,177
85,67
111,180
35,118
141,48
101,134
165,28
179,82
56,33
18,7
20,104
84,42
113,186
142,46
119,79
45,156
58,15
129,24
33,21
147,137
21,32
8,106
10,160
30,132
155,77
1,93
147,36
152,145
171,60
81,16
66,98
151,99
121,39
96,182
115,118
7,5
103,104
33,71
143,67
0,136
6,130
179,184
174,113
4,117
150,100
24,22
152,129
47,81
45,133
38,72
21,10
73,182
136,198
66,81
76,96
5,88
136,170
176,22
198,176
106,128
197,170
111,33
122,24
89,26
57,184
139,187
108,89
141,89
88,120
55,51
140,117
39,54
85,36
183,69
0,144
121,62
78,63
49,94
27,124
14,18
72,128
45,145
159,105
68,66
144,183
148,56
115,63
146,181
86,25
148,179
57,32
155,194
10,84
108,23
168,195
153,173
111,194
109,133
119,174
12,133
3,64
106,165
92,117
197,187
168,177
180,62
1,153
64,51
144,168
168,170
195,193
154,15
46,62
197,195
64,15
77,192
193,168
167,59
46,36
77,29
153,110
176,5
188,3
45,16
17,21
54,95
71,105
71,178
33,185
155,163
160,58
132,46
177,140
34,185
173,79
49,195
158,167
84,141
89,176
169,50
161,102
151,14
74,178
165,87
61,56
13,149
32,59
140,185
137,123
8,141
44,173
167,65
132,176
180,108
135,138
142,183
154,96
189,199
199,200
189,125
64,70
149,41
133,2
183,170
118,200
137,177
47,56
92,142
101,8
56,172
55,81
139,127
189,119
89,105
100,8
165,44
11,151
158,106
69,107
112,68
195,95
75,9
177,200
198,46
8,133
169,125
181,27
74,122
122,114
162,64
146,2
182,9
2,109
111,122
192,121
100,163
196,25
142,15
148,176
67,63
175,10
55,197
66,61
52,80
36,67
180,84
196,14
180,12
165,118
93,157
50,101
184,138
62,4
114,30
143,116
49,62
91,193
90,18
68,78
175,9
21,126
44,50
32,78
166,49
142,39
97,164
195,13
174,13
70,33
0,82
28,151
55,62
156,159
175,174
156,190
53,63
131,143
186,116
191,102
4,189
88,90
29,154
23,104
113,27
147,193
123,114
18,27
56,81
130,189
40,71
17,126
82,194
149,66
73,144
181,56
90,40
185,93
160,43
52,162
90,181
15,52
161,47
81,19
45,32
196,34
71,70
48,170
100,81
58,17
59,181
161,100
40,104
10,78
52,1
18,1
36,50
14,80
144,61
28,24
13,17
123,189
63,198
15,170
33,116
118,184
165,162
16,84
135,58
175,144
195,171
106,15
134,156
50,52
144,21
156,108
70,5
197,175
186,123
3,85
49,60
85,0
39,192
21,114
23,138
166,176
61,47
70,197
182,60
58,162
171,71
147,143
190,23
136,174
0,197
80,114
6,152
194,111
181,91
188,201
53,79
8,30
46,131
12,186
191,132
35,11
123,21
150,91
180,120
39,51
86,181
5,169
56,92
20,178
120,48
142,143
61,67
171,162
145,14
129,35
52,31
157,100
159,18
143,126
71,180
91,48
34,140
164,149
37,198
140,137
17,61
148,188
126,171
78,1
148,19
103,51
5,193
42,182
5,20
146,168
52,123
138,125
143,7
151,27
39,13
8,78
96,201
124,133
171,187
123,146
151,17
74,158
85,113
2,86
16,29
8,4
124,162
72,85
53,122
173,5
112,92
184,163
123,14
139,92
1,94
120,105
58,116
40,182
73,106
4,67
116,34
130,121
29,61
196,2
108,175
65,2
114,132
137,18
56,134
40,69
121,37
160,177
32,153
20,56
50,165
168,54
157,40
69,175
160,62
11,134
42,24
127,36
8,151
115,175
144,87
183,42
133,3
128,149
106,177
102,25
58,66
112,177
114,126
163,31
126,178
70,135
150,41
48,58
140,193
75,44
25,141
144,32
168,110
155,18
17,179
80,22
16,70
25,97
100,0
135,21
47,66
32,193
67,176
113,157
183,192
56,96
41,49
172,168
164,156
107,37
100,69
124,175
87,18
178,149
12,43
15,140
15,188
105,146
11,142
174,87
151,58
78,165
150,30
182,153
197,110
14,121
52,106
99,37
183,27
76,47
147,153
5,129
173,86
115,138
48,71
164,9
181,17
56,85
64,142
80,118
17,42
135,12
28,8
133,75
135,175
139,197
9,147
185,51
171,8
22,82
193,77
87,34
161,68
133,6
145,17
146,124
55,133
165,139
78,146
186,38
19,145
116,117
154,180
0,169
133,67
43,100
20,169
48,55
198,95
126,70
87,89
197,89
84,59
140,127
99,130
180,49
0,48
152,188
68,118
75,200
141,138
1,13
18,93
80,46
198,154
144,171
43,200
32,77
186,6
31,175
193,1
163,161
60,78
1,165
159,43
12,135
44,84
158,185
84,191
136,36
14,192
128,14
162,116
44,113
121,19
94,165
118,38
79,31
31,120
183,75
23,190
156,142
77,48
84,18
101,11
28,187
100,57
15,127
85,29
153,37
86,166
87,170
70,30
198,179
99,143
125,25
109,47
136,200
1,101
25,191
138,23
159,100
177,191
198,164
51,190
68,192
84,197
132,54
17,14
192,130
180,174
186,125
40,172
131,173
10,53
89,32
161,48
49,55
129,60
141,114
73,191
14,154
20,200
72,129
13,77
140,29
11,57
17,170
53,33
30,36
119,151
169,156
191,88
37,15
90,163
45,80
72,27
187,132
96,79
89,61
8,182
136,58
71,8
8,104
141,140
30,147
58,69
3,60
181,118
159,185
154,110
16,26
18,50
26,44
56,87
83,68
76,191
100,166
157,18
36,12
175,0
96,45
75,59
57,67
158,109
1,8
127,195
92,48
31,132
46,112
127,62
143,96
67,136
114,178
178,38
154,44
45,54
114,18
114,5
126,175
54,62
99,55
71,140
33,49
183,55
197,97
198,79
109,187
93,103
12,172
175,20
107,116
46,152
146,14
9,21
41,47
11,65
59,119
120,47
89,7
59,147
41,54
66,62
23,132
51,187
120,6
173,99
172,123
195,181
102,202
64,52
99,165
142,139
180,56
49,140
35,176
16,189
118,136
12,80
110,67
147,107
179,30
3,92
27,149
187,12
125,62
37,60
125,185
89,48
69,128
86,140
17,115
0,47
105,179
27,176
2,161
108,62
185,27
24,86
91,103
22,42
20,150
157,188
19,38
114,95
145,141
9,107
185,159
102,99
11,131
177,157
179,86
5,55
179,87
192,32
139,63
37,190
102,15
112,115
183,81
167,10
187,122
22,143
165,119
76,103
2,146
158,13
12,118
20,135
3,15
159,155
6,34
42,200
161,45
72,95
86,202
77,105
167,149
183,122
89,104
184,132
38,142
143,73
99,20
6,25
85,183
144,185
56,95
0,36
105,199
119,66
180,116
130,18
1,132
153,141
176,176
194,160
42,172
185,136
67,169
190,30
196,199
124,114
66,77
120,124
62,52
188,168
100,84
69,58
84,171
190,113
39,36
110,197
146,26
142,27
102,103
79,153
134,97
71,1
140,18
34,75
163,141
189,105
191,71
12,195
192,192
22,2
90,135
40,83
29,9
178,0
66,45
89,175
84,140
118,150
34,58
13,161
191,55
47,27
61,193
53,125
5,143
199,113
151,174
172,58
124,5
179,131
70,26
169,97
144,16
35,17
102,197
71,82
92,51
116,68
2,185
155,181
134,24
187,4
194,37
158,27
6,92
16,71
153,105
99,12
37,28
189,180
192,17
8,131
36,144
85,144
8,116
154,173
3,89
146,157
99,72
173,125
27,186
106,166
83,137
78,11
162,193
157,2
157,200
60,84
89,183
62,56
51,178
16,197
121,9
118,65
88,154
144,82
116,89
145,181
44,105
179,164
53,106
191,117
121,63
107,83
95,22
140,37
164,193
0,103
195,168
188,183
166,17
183,137
135,76
65,25
88,60
8,149
166,144
34,29
58,161
107,16
173,92
0,117
76,86
117,188
162,141
156,43
112,18
55,127
138,22
13,127
188,33
52,133
186,19
40,127
192,198
79,112
83,199
81,173
143,45
88,36
15,9
40,149
120,82
77,77
132,141
77,163
153,56
63,47
5,139
183,83
175,106
184,153
161,19
110,35
155,85
70,11
172,44
81,62
166,146
104,46
84,75
170,32
96,163
32,72
198,142
168,129
24,158
189,111
89,190
195,99
53,55
177,93
54,9
61,112
130,200
78,172
17,173
179,159
83,10
4,96
179,177
121,24
161,59
180,119
25,5
160,109
192,72
130,115
0,31
156,36
88,0
90,182
82,113
112,156
112,65
115,125
196,36
67,23
7,22
11,200
134,193
171,89
76,193
181,169
48,60
122,139
140,92
84,7
198,16
25,44
13,45
88,123
191,1
110,122
108,81
177,107
52,16
74,187
63,80
66,119
27,94
157,23
66,97
167,155
105,125
170,24
3,176
98,199
35,14
19,179
146,147
38,24
73,141
142,133
54,122
176,141
148,105
121,76
85,39
19,5
99,150
72,198
131,77
12,179
33,155
27,177
133,95
184,68
105,195
23,195
80,0
41,187
5,62
11,175
25,49
151,197
168,29
126,135
105,176
30,63
78,28
183,71
83,191
100,138
114,172
73,17
34,153
100,78
194,140
45,45
113,22
108,14
106,85
152,26
89,56
158,66
134,133
56,14
186,182
196,49
108,30
75,49
9,177
116,116
109,177
7,162
91,65
60,111
74,177
184,31
25,67
99,114
57,186
132,188
153,151
28,50
101,103
123,97
110,177
74,103
144,66
172,158
157,96
33,45
13,68
30,60
68,174
191,98
16,8
182,186
76,81
175,14
197,193
153,26
66,91
166,122
92,45
2,47
132,131
147,187
120,5
148,167
92,38
69,39
197,50
55,163
45,107
178,121
179,123
24,143
126,92
28,35
114,136
66,83
21,78
84,22
109,117
50,22
71,24
147,53
114,88
113,62
74,97
54,34
139,196
23,37
169,113
111,16
2,153
6,127
100,50
44,114
9,121
143,87
186,133
149,201
174,130
53,187
135,16
29,63
128,133
128,142
122,137
25,175
105,150
99,49
87,118
81,78
152,194
146,117
159,142
177,81
58,127
20,4
123,179
100,140
154,19
177,136
139,90
25,187
86,191
19,87
134,151
124,182
126,198
90,61
3,200
107,18
17,84
162,21
67,78
53,92
142,96
191,56
196,160
76,201
120,188
165,184
101,198
184,46
59,96
199,123
78,139
52,145
12,128
75,148
55,46
139,112
105,62
198,183
176,161
59,131
36,93
120,130
167,129
163,107
55,68
103,10
156,186
134,187
88,177
195,30
91,76
60,44
43,82
90,140
81,150
85,74
83,174
183,126
138,75
19,127
94,43
145,35
74,73
164,36
176,39
130,103
116,150
170,148
121,164
73,64
56,4
193,108
35,28
57,144
27,142
102,105
169,141
54,42
92,178
98,153
177,142
1,144
145,74
38,36
120,21
146,128
193,52
1,59
61,51
167,56
81,61
73,130
147,115
117,140
82,40
106,106
74,148
7,108
78,97
129,38
30,173
168,155
118,145
184,164
110,121
65,72
197,169
45,193
165,180
119,83
12,94
191,141
153,190
49,93
80,117
25,10
42,35
1,2
52,55
192,178
3,189
194,31
50,91
5,118
10,16
70,68
30,187
2,99
53,4
161,17
111,87
91,200
117,142
5,173
157,45
75,73
33,97
25,152
172,130
110,154
57,29
82,184
39,146
20,109
105,107
174,179
56,140
188,191
123,118
100,42
5,47
157,80
152,108
185,147
105,124
149,87
124,146
48,36
14,195
126,65
42,168
191,178
113,154
19,48
183,43
190,54
127,113
71,121
17,180
55,77
73,194
113,185
83,27
80,31
124,94
99,99
123,104
82,176
87,200
70,199
88,87
35,51
137,197
119,10
121,147
86,183
7,102
126,24
6,26
168,131
132,58
140,40
163,200
67,95
41,28
4,21
0,59
92,68
159,157
98,125
132,161
27,171
157,133
138,153
112,110
187,75
37,61
190,31
85,95
151,154
94,174
24,50
81,155
147,22
9,116
60,168
161,183
83,138
70,0
22,139
89,141
31,112
130,79
176,163
59,192
193,19
20,123
108,92
72,201
66,2
72,39
18,124
138,163
175,121
2,122
135,160
106,33
86,177
63,191
91,31
142,197
177,83
112,1
8,3
146,0
135,98
183,80
122,121
194,107
30,118
127,37
137,198
168,162
141,173
41,58
42,192
3,39
143,18
14,89
172,184
85,73
97,2
140,45
134,152
16,39
106,161
10,128
154,26
46,138
139,150
171,66
65,35
149,145
144,72
109,190
9,70
118,178
161,150
79,21
61,105
164,105
32,36
175,114
124,150
117,67
51,202
199,30
10,94
187,179
51,12
109,21
3,135
137,121
170,195
79,11
1,98
13,144
168,119
70,138
171,169
80,154
82,192
0,29
170,44
48,39
120,118
0,71
196,127
56,120
101,132
90,120
2,194
198,181
127,18
106,120
178,126
15,130
184,147
80,16
34,120
129,40
45,199
13,85
123,131
135,91
109,89
50,92
90,73
8,39
147,57
24,133
42,177
194,135
161,4
79,170
8,62
38,158
149,195
137,25
35,45
192,38
64,127
45,20
77,66
140,26
133,163
121,52
110,130
145,8
29,65
175,47
49,194
51,118
185,115
161,39
109,137
87,155
1,130
179,120
37,33
137,57
36,31
64,24
74,94
6,106
108,65
59,57
157,172
95,168
31,105
21,74
59,31
56,152
147,72
72,174
185,9
56,68
165,0
86,112
12,33
82,33
50,44
48,160
8,89
127,173
140,30
175,43
163,15
80,2
30,120
90,147
78,83
128,124
183,191
1,113
86,59
0,179
194,114
100,168
160,194
181,158
44,12
176,73
187,24
166,30
90,139
42,164
141,129
192,47
93,164
20,137
91,46
46,58
24,98
151,46
191,163
130,72
167,116
80,70
40,142
163,166
112,17
9,137
98,158
183,194
95,52
67,197
141,39
197,32
57,65
42,144
122,118
164,71
59,133
59,89
145,144
134,94
21,142
127,9
13,29
125,104
31,43
151,137
11,171
159,164
159,165
181,36
63,162
162,92
57,137
62,153
164,65
156,57
4,136
115,98
145,94
52,186
125,178
96,186
122,130
45,127
186,84
187,166
123,39
110,120
107,95
62,1
44,86
155,29
28,148
5,71
105,196
198,104
17,114
76,12
30,29
11,68
86,54
4,159
39,182
150,21
154,171
136,132
3,100
39,111
51,93
9,122
26,183
150,149
152,19
1,178
72,4
44,10
35,47
153,14
12,64
12,160
113,132
159,53
93,175
97,156
194,72
98,180
55,60
149,95
127,88
190,97
172,71
163,157
178,77
53,80
155,176
176,81
155,35
152,163
197,192
66,106
154,102
131,177
31,183
100,72
89,125
78,93
4,191
30,55
198,193
30,165
178,46
24,36
171,175
117,25
20,166
141,70
71,141
51,104
191,37
171,0
48,148
175,24
75,61
31,3
122,182
188,6
166,139
130,81
141,16
20,94
109,180
20,187
144,5
135,119
140,134
159,24
17,91
137,90
180,199
57,35
69,4
17,16
91,160
157,158
44,49
119,24
132,185
150,27
33,190
138,167
197,69
109,88
152,187
138,184
47,183
73,23
32,155
185,6
195,109
79,84
192,59
170,138
22,103
15,70
121,131
118,120
97,23
78,34
165,31
44,175
169,61
86,90
192,105
75,12
77,141
62,12
136,156
86,155
160,151
124,135
108,4
86,186
122,21
166,138
75,86
59,9
151,167
46,175
146,51
157,154
87,6
109,68
97,22
26,31
192,123
27,129
149,196
171,176
44,143
92,166
160,42
131,72
14,166
33,106
154,43
150,66
0,121
131,32
154,41
75,88
13,3
96,9
2,105
182,64
170,15
100,12
193,48
122,58
138,116
70,171
187,184
193,91
49,18
71,22
33,95
183,182
184,121
196,100
108,91
64,4
53,14
35,95
153,60
26,110
159,40
32,45
20,156
91,192
24,200
136,168
17,181
91,161
108,97
141,86
157,84
16,106
130,126
145,2
26,16
27,147
176,177
151,39
111,121
48,74
59,180
84,149
83,190
70,147
121,201
26,100
192,158
62,50
14,201
84,89
17,64
91,6
157,54
35,76
84,150
170,189
197,19
39,30
196,72
193,141
161,191
115,43
196,28
143,127
46,54
138,73
45,26
115,87
162,16
68,6
84,85
145,131
71,16
182,46
88,56
4,40
190,34
67,137
137,47
138,181
191,146
3,52
119,28
58,187
1,151
18,152
78,17
174,125
31,92
89,197
105,86
136,61
130,131
92,126
156,31
53,189
109,78
47,137
199,101
154,106
106,146
14,24
6,31
25,81
52,68
66,193
22,38
121,50
85,86
104,148
12,10
196,177
130,34
15,53
1,75
96,157
142,7
33,0
44,82
10,70
69,176
87,184
34,63
146,41
134,136
17,90
145,89
157,140
139,200
192,117
75,33
40,126
73,136
29,56
46,42
31,139
135,82
181,149
2,169
75,158
18,105
150,151
174,190
115,169
80,176
132,149
92,94
42,140
46,181
162,175
74,160
185,3
167,111
3,97
54,182
175,155
198,96
154,27
50,138
159,52
183,62
167,171
79,78
3,104
167,70
175,188
36,137
112,192
87,178
0,54
128,97
36,168
10,125
75,52
146,79
88,3
96,102
16,162
53,117
180,22
17,194
110,70
126,134
15,57
84,158
18,185
144,200
19,147
120,32
195,153
197,70
15,122
72,173
185,53
113,95
106,107
71,139
74,162
137,126
24,193
194,153
47,110
118,50
103,145
110,83
5,4
89,89
54,190
192,145
41,198
138,175
15,54
26,74
51,172
27,122
81,94
145,163
79,61
156,68
11,189
160,24
48,143
130,132
88,152
138,9
66,71
120,200
157,114
58,196
101,131
136,152
1,118
76,162
137,166
59,35
165,153
0,15
56,174
151,59
188,161
147,59
155,173
32,89
65,127
168,156
1,88
86,19
114,192
89,9
77,152
28,141
106,147
160,38
158,67
72,82
172,113
111,129
195,103
98,0
117,135
11,164
91,50
61,3
147,174
194,91
82,76
144,141
125,153
13,141
44,46
139,120
7,26
111,178
93,179
7,70
3,87
16,51
133,202
24,134
57,39
194,79
169,38
161,188
120,148
1,25
91,177
70,196
163,2
180,127
28,101
150,17
165,11
175,91
116,147
51,179
55,45
149,56
175,103
58,200
21,140
40,35
105,47
90,113
131,187
176,88
116,57
144,50
81,36
52,26
174,144
186,148
8,55
106,159
7,55
84,20
110,1
66,151
112,201
87,3
32,25
168,153
77,98
158,61
132,168
17,15
57,28
21,64
135,84
152,110
147,141
138,111
54,171
71,125
40,16
124,140
156,106
84,99
76,17
106,45
128,72
89,133
158,21
34,142
76,63
50,54
198,127
41,128
58,48
183,66
83,115
60,70
114,116
143,57
62,5
193,75
144,62
7,111
167,173
26,131
134,173
7,1
74,128
63,195
75,84
163,153
10,183
191,4
158,189
69,0
150,88
63,128
193,64
78,25
189,53
138,43
178,43
57,85
5,148
5,36
31,88
66,181
42,16
153,154
22,162
172,127
123,148
0,9
16,19
195,53
98,115
187,160
47,42
49,22
69,115
180,186
181,8
150,144
190,37
173,68
133,48
168,71
128,87
145,184
169,42
60,29
59,59
102,24
112,79
137,120
162,138
84,77
184,105
15,164
102,136
116,78
92,161
119,38
88,38
105,32
30,186
198,149
113,119
21,171
99,140
142,41
44,181
125,201
124,35
78,64
160,53
21,120
87,123
132,0
113,94
198,201
158,24
134,84
4,169
123,35
191,45
21,182
41,143
109,148
162,159
140,15
59,5
152,71
35,115
187,6
5,93
7,196
37,59
32,156
160,185
130,12
24,104
169,55
158,35
143,31
12,164
30,0
132,98
184,50
70,140
60,194
79,87
57,61
18,8
173,97
188,39
85,117
30,45
1,84
180,65
118,11
83,26
162,10
83,40
166,197
30,8
34,186
89,13
133,33
195,80
67,57
19,57
171,163
27,13
7,110
120,94
44,162
23,9
62,30
167,180
56,88
36,166
159,197
189,23
59,114
87,191
85,5
45,77
4,164
155,25
115,8
144,112
136,175
33,29
186,161
120,30
79,45
107,92
180,195
37,10
129,124
74,113
36,174
184,27
32,51
187,25
148,49
10,12
117,96
115,194
83,57
75,60
197,171
58,134
61,23
174,73
180,138
137,45
39,141
19,148
108,162
31,163
180,137
189,178
107,13
10,189
41,48
174,114
39,131
3,59
15,12
106,82
55,38
113,133
32,43
2,26
116,188
3,2
3,5
35,181
162,189
57,48
4,39
81,187
96,24
134,60
95,3
112,38
196,43
1,97
41,26
46,128
135,137
61,44
7,85
142,118
43,33
119,20
24,162
24,139
136,23
74,46
152,144
31,172
23,95
24,177
31,153
63,199
187,96
41,53
115,126
67,106
57,4
191,66
71,190
165,138
62,63
44,11
61,149
168,141
44,3
41,81
72,32
171,156
63,44
75,186
58,167
46,23
173,112
18,29
153,49
69,194
29,149
47,2
181,181
83,178
184,38
180,78
147,139
106,12
84,88
90,202
75,2
21,16
26,70
138,155
121,80
8,8
27,63
151,180
197,199
48,176
104,105
27,24
167,1
184,123
195,8
186,179
112,185
175,53
63,73
5,130
102,78
71,117
127,40
180,67
71,129
28,20
76,33
6,173
110,127
134,34
96,52
48,100
135,52
2,84
126,26
2,128
129,88
7,90
91,139
158,53
186,50
21,122
4,42
197,176
92,198
176,0
76,183
192,110
84,52
88,48
197,48
26,188
152,0
74,57
69,41
47,1
164,145
196,79
87,91
108,145
9,106
52,67
189,103
8,160
63,18
3,196
127,7
132,112
126,69
44,149
119,195
18,89
5,189
140,130
187,194
141,152
33,5
45,108
45,2
91,195
5,176
191,180
72,66
86,120
194,195
14,106
121,117
170,12
145,166
12,87
2,172
135,37
188,194
89,200
64,158
76,80
36,19
121,146
136,82
47,140
20,0
114,198
122,105
28,161
95,166
59,13
31,58
43,112
2,131
139,55
62,160
189,76
8,186
28,85
158,50
168,82
155,191
148,174
76,29
100,3
5,187
167,3
168,50
142,10
67,150
47,37
162,53
115,117
116,110
107,87
23,133
88,184
182,3
56,178
62,79
188,36
178,144
132,17
3,67
16,201
97,3
131,30
135,92
11,48
140,24
150,166
133,198
62,184
123,123
143,51
199,0
159,145
184,186
13,169
15,49
15,66
178,79
177,85
76,194
141,146
135,130
118,67
71,184
9,115
192,76
174,43
25,53
151,187
124,66
89,82
24,199
146,10
28,83
65,58
175,194
25,197
144,99
68,171
107,3
177,74
6,115
0,163
133,132
83,63
197,127
61,45
132,201
6,154
177,194
199,110
64,145
90,173
24,65
71,57
82,4
78,137
132,194
96,202
3,38
72,58
101,190
121,152
168,23
133,15
43,142
142,54
86,64
29,188
0,34
117,138
172,98
15,87
54,87
165,117
28,127
14,168
111,3
81,73
197,105
187,154
167,48
65,135
96,25
1,57
163,39
138,5
145,29
119,197
77,72
104,123
24,179
170,37
125,59
76,13
143,129
140,59
172,89
185,148
138,123
71,31
133,37
41,170
137,164
43,159
150,179
52,18
93,144
40,146
44,141
57,151
121,93
174,197
10,147
40,145
166,71
149,59
2,171
113,15
188,158
189,57
51,21
104,10
37,71
130,74
120,171
73,161
175,131
162,4
169,175
86,133
47,101
161,138
60,155
31,60
4,13
160,167
25,39
138,49
191,154
7,133
96,164
170,79
47,157
27,96
167,4
149,72
135,95
10,153
2,70
136,183
180,36
38,157
151,150
127,12
178,194
70,170
75,5
187,42
20,121
102,53
134,153
171,127
60,133
140,78
72,140
0,79
185,88
106,4
54,66
105,158
119,11
53,142
46,35
121,29
143,61
28,155
102,27
119,112
193,18
16,171
106,196
118,146
124,119
15,80
24,66
84,78
194,41
111,199
31,98
135,22
153,29
68,155
190,14
189,38
127,136
75,80
29,55
150,16
22,135
189,142
116,26
78,182
22,4
46,105
107,31
39,184
77,104
20,36
69,133
162,32
57,167
48,45
106,0
32,119
135,29
10,179
115,157
75,83
152,61
59,58
38,40
46,22
161,201
20,1
139,100
129,104
18,193
168,10
152,22
35,186
54,141
61,188
47,44
122,126
134,79
186,114
53,22
86,79
23,62
132,88
130,33
154,198
136,43
87,84
173,40
81,0
104,108
154,67
81,39
16,151
136,138
142,181
171,11
6,105
109,139
56,182
33,187
90,64
23,107
15,62
72,73
104,43
107,126
12,129
66,14
62,170
186,141
18,95
41,37
107,61
137,39
93,165
133,57
92,67
88,173
196,123
183,144
161,189
123,47
177,139
144,77
69,202
171,69
191,101
192,10
141,133
153,38
118,130
148,137
86,127
15,159
148,172
66,79
7,125
8,146
62,76
174,20
129,75
177,177
159,169
169,185
4,44
14,173
29,192
141,119
107,17
6,3
78,176
122,68
45,43
0,131
158,55
72,148
106,102
27,114
177,20
195,115
169,30
135,188
16,177
124,149
131,137
156,187
30,92
24,156
132,115
156,154
151,68
138,51
68,72
98,157
121,28
153,9
4,194
76,38
140,180
23,170
194,64
149,8
191,136
143,191
174,131
34,42
130,185
99,71
9,101
192,11
164,186
89,129
157,39
62,201
180,100
180,198
43,114
181,71
81,20
57,158
192,5
84,176
157,13
154,23
145,80
91,67
13,118
152,106
188,164
144,89
56,183
177,64
22,185
121,122
59,12
97,45
135,71
192,188
136,21
51,8
180,86
195,2
168,83
168,159
132,60
158,143
71,118
81,76
58,40
61,5
114,57
27,44
87,86
11,153
103,175
170,84
75,171
82,111
188,86
104,118
190,29
8,65
180,20
71,12
78,121
23,89
76,0
136,72
83,71
7,77
68,128
129,30
159,173
31,11
177,138
173,183
191,96
91,171
77,2
13,0
39,16
35,48
132,72
116,198
169,28
10,56
129,9
68,85
88,196
194,118
129,27
174,196
95,25
111,179
73,179
134,188
146,92
134,27
40,108
55,99
121,90
80,1
143,198
41,31
167,21
136,98
55,166
92,11
13,197
127,196
53,149
63,146
188,49
47,53
81,176
50,5
35,184
165,150
99,54
43,181
12,16
172,161
145,191
193,61
177,154
56,150
114,191
130,141
6,201
23,79
91,159
141,43
156,164
7,61
176,93
195,102
67,54
117,82
88,32
112,127
186,129
191,188
151,202
85,131
97,111
190,184
123,188
2,46
80,143
98,172
171,73
116,181
166,178
189,42
189,88
130,85
182,181
51,37
132,84
20,93
87,81
100,111
152,149
3,191
22,171
62,179
167,54
21,14
35,123
99,151
166,47
161,93
136,65
165,179
105,4
140,118
119,104
62,120
136,45
92,1
8,191
109,198
48,121
157,107
130,94
102,6
83,60
36,108
186,136
168,113
143,64
19,150
144,173
167,186
157,163
182,129
122,173
29,133
92,60
145,195
82,54
41,27
146,58
164,38
108,28
190,131
130,150
174,115
33,131
32,79
118,174
108,85
130,0
87,31
57,19
135,112
140,198
84,182
130,91
118,27
27,194
11,190
82,191
179,197
5,110
140,125
44,202
165,90
84,185
18,23
59,1
121,135
167,31
154,82
181,86
101,2
147,199
9,149
150,49
125,96
7,64
164,178
121,77
168,57
114,87
191,198
49,137
121,45
147,172
172,45
22,176
159,56
160,118
86,6
83,99
167,78
63,87
139,166
108,200
105,164
60,5
13,19
137,95
151,155
23,32
29,71
63,20
79,24
11,63
31,26
168,5
155,132
108,180
1,29
2,139
65,129
138,188
75,28
112,121
1,105
87,28
64,3
4,182
157,35
91,87
148,16
88,33
93,86
7,105
139,70
136,201
141,92
55,122
141,30
187,135
92,82
153,20
77,39
80,73
61,9
186,17
28,192
11,67
43,23
119,61
127,106
189,155
61,93
166,97
71,136
25,15
47,5
24,44
75,126
133,153
169,0
86,116
195,191
77,36
109,27
19,172
163,46
71,93
9,10
40,177
39,150
66,114
119,132
26,177
22,169
159,178
27,92
48,152
179,179
51,19
121,87
72,151
78,18
64,54
115,99
53,136
36,72
72,46
22,148
89,15
113,52
129,174
181,141
178,72
38,172
81,178
137,127
164,18
53,11
103,201
44,61
142,122
79,118
196,124
75,143
155,156
20,35
164,185
148,189
64,196
73,73
190,0
162,179
16,75
160,156
167,75
61,190
151,152
11,74
121,137
163,38
17,172
1,107
191,47
120,190
190,87
188,147
93,44
133,142
100,52
35,92
0,18
10,193
34,86
45,67
98,133
10,166
97,108
194,21
177,21
157,52
122,112
4,175
119,76
76,52
195,133
154,144
166,200
114,3
159,158
88,62
123,28
160,184
149,176
100,169
177,148
34,2
71,26
15,15
127,134
158,100
118,190
83,140
4,122
61,192
155,103
150,34
155,59
81,75
99,196
73,66
64,29
140,179
84,56
33,180
89,130
59,195
15,92
142,111
199,75
75,76
42,188
100,156
162,142
25,68
56,189
67,141
129,189
11,173
81,89
91,124
113,178
156,80
62,198
171,142
197,26
2,154
7,122
159,0
193,175
154,99
63,34
129,12
163,19
186,83
12,37
83,24
12,147
35,177
69,139
23,73
82,32
62,151
178,155
171,126
10,43
179,1
23,33
6,69
95,42
117,129
117,163
175,77
113,188
60,118
53,18
20,107
36,16
141,190
172,152
55,36
67,28
191,70
81,80
57,183
170,156
23,148
158,85
41,46
56,48
185,0
106,32
64,90
41,130
29,164
150,117
117,141
83,147
151,2
185,43
133,195
172,153
121,125
23,5
71,77
84,190
106,142
10,117
194,113
82,58
151,105
189,167
62,39
99,184
118,66
68,138
21,35
195,148
118,141
98,187
11,114
31,131
26,9
80,25
6,172
101,104
81,117
141,59
2,72
9,25
43,141
157,129
32,31
38,192
11,163
102,155
143,200
195,14
167,82
193,36
61,195
14,83
128,95
196,84
59,194
156,141
99,6
22,121
61,177
153,202
13,40
127,180
122,74
145,3
86,24
191,170
11,149
182,36
173,161
194,86
104,52
184,91
10,137
12,13
53,5
44,107
60,198
198,23
10,132
87,75
167,58
115,170
4,103
98,107
65,20
180,95
177,189
154,32
45,50
43,165
63,54
25,80
172,30
21,28
12,74
42,153
141,47
38,201
189,104
88,178
45,9
172,18
135,65
1,71
34,122
137,176
134,39
84,10
73,46
154,124
143,69
77,3
176,56
143,143
71,36
39,42
103,108
167,30
64,49
178,82
192,71
114,65
190,6
90,32
14,161
9,47
34,21
62,177
189,162
64,12
80,191
176,10
190,183
43,108
32,14
88,150
179,144
171,174
60,8
1,143
80,56
81,82
85,134
73,45
1,114
143,133
67,75
18,179
16,61
157,81
152,168
138,7
122,145
64,107
9,119
43,106
8,128
45,19
57,201
169,144
150,71
4,137
42,53
47,52
118,197
114,43
114,81
82,200
79,104
111,113
4,101
132,6
62,93
85,84
143,144
64,106
131,7
8,5
158,16
3,194
165,55
155,83
2,178
2,197
198,174
49,188
51,6
133,69
114,55
164,142
114,181
188,30
199,131
97,131
80,185
1,53
130,60
174,70
38,144
24,42
45,140
56,162
181,7
183,146
19,15
66,20
151,8
108,78
96,109
153,146
16,81
157,42
135,201
139,136
8,61
194,99
160,171
78,141
53,184
128,138
60,166
35,93
78,183
126,75
45,14
28,198
167,159
185,22
180,125
100,30
145,112
100,164
166,6
23,178
29,22
184,196
17,134
15,28
35,60
37,155
71,149
147,4
87,9
9,172
1,34
12,70
44,140
178,73
194,63
2,76
157,68
112,181
91,19
130,142
141,62
154,174
135,80
149,164
35,88
110,56
199,122
21,165
63,187
29,80
76,48
167,113
129,77
46,173
135,77
70,117
122,82
66,177
9,87
194,141
158,64
177,19
118,46
74,32
179,107
135,113
170,131
22,39
57,169
153,64
70,71
122,163
168,40
41,1
75,72
191,84
39,83
46,160
91,138
86,0
97,200
155,95
31,161
84,31
6,149
52,23
156,166
10,157
198,10
79,7
32,147
89,163
141,29
183,36
38,15
172,191
172,84
192,39
54,119
10,119
185,56
186,70
42,69
25,89
59,3
4,11
70,106
43,85
174,146
1,201
181,105
35,178
39,127
30,199
57,34
137,119
128,25
130,153
124,64
126,78
136,124
166,7
99,4
119,192
28,186
9,78
169,53
141,161
197,168
161,140
49,104
101,75
148,12
9,183
120,139
28,130
194,179
166,198
38,119
19,196
169,23
94,99
12,171
17,71
44,126
135,93
187,81
54,3
155,170
129,202
68,11
3,142
55,160
62,137
92,71
176,147
169,153
63,189
44,70
38,46
165,50
198,146
125,47
138,55
110,125
85,194
53,180
46,43
32,170
88,29
180,147
134,202
142,119
179,161
15,124
143,156
70,133
9,24
16,134
153,186
105,5
169,171
121,67
188,193
138,83
132,30
48,156
168,201
195,85
168,197
134,120
100,10
61,12
26,192
167,49
17,108
135,4
150,58
180,66
48,35
96,14
43,195
67,29
81,129
5,46
193,144
40,25
54,40
88,145
76,139
62,149
130,180
47,12
105,9
64,87
13,52
11,80
111,70
175,60
153,17
135,50
166,190
18,104
19,2
154,4
66,92
50,55
139,2
159,45
147,31
70,96
30,86
2,69
81,23
7,148
69,10
93,166
196,151
94,4
81,49
7,171
139,123
143,187
34,195
37,29
62,54
133,145
191,38
132,172
141,126
133,197
65,26
187,13
182,17
45,131
106,122
71,197
184,16
160,140
6,109
165,43
78,132
153,185
41,152
175,54
13,86
18,76
29,92
34,164
160,26
34,194
41,52
158,84
38,56
14,164
20,57
67,201
166,182
143,140
11,169
9,60
175,69
171,33
155,87
106,117
122,133
170,158
26,117
72,91
22,43
158,41
92,63
129,131
154,10
77,30
34,182
120,9
52,118
132,23
123,180
113,126
120,0
19,24
175,37
29,95
194,74
44,41
24,51
41,6
140,80
124,129
37,8
0,141
111,187
41,15
105,33
66,202
147,70
145,21
86,199
80,152
133,174
10,28
142,28
55,161
118,147
54,194
106,62
190,196
61,141
139,20
165,196
25,183
193,70
142,13
22,178
41,101
32,15
126,107
199,11
12,97
82,121
59,39
59,135
47,70
43,45
82,13
80,92
144,147
54,38
77,82
31,47
7,100
194,30
174,166
174,6
21,24
20,184
173,166
50,60
134,96
78,191
129,63
49,103
45,82
32,55
187,77
84,37
129,23
39,139
146,197
30,123
196,85
196,161
170,99
75,58
142,87
28,61
156,151
66,0
50,119
80,15
81,179
40,188
24,37
30,79
172,150
56,44
0,164
6,185
41,181
124,172
146,129
2,36
172,134
72,17
138,84
19,77
166,88
94,166
7,120
84,68
41,109
43,171
62,127
84,40
191,193
192,183
73,90
51,168
27,66
122,184
43,51
84,12
85,147
47,108
192,107
120,59
112,57
84,143
29,88
141,3
189,50
74,4
191,94
193,37
184,69
123,128
173,61
181,92
179,89
179,129
92,162
52,166
98,159
10,76
87,175
54,112
199,157
101,182
119,196
16,124
80,129
88,97
17,12
191,82
15,179
122,49
124,130
87,129
16,147
89,11
162,74
125,137
115,84
194,189
137,129
185,196
127,185
112,2
149,159
155,64
36,170
18,62
177,62
14,135
147,71
181,159
91,80
42,42
26,97
143,75
88,147
63,144
41,17
7,177
149,0
10,100
111,27
127,186
182,196
165,2
79,73
77,114
153,109
178,89
18,103
93,16
174,42
32,71
59,67
23,189
84,16
177,167
75,122
115,128
197,3
168,151
39,156
69,1
65,10
139,122
62,31
141,49
132,89
177,187
154,28
170,45
114,108
116,170
39,39
138,33
168,36
75,64
58,54
73,103
5,133
14,193
142,135
20,148
159,12
133,125
119,133
2,2
42,19
54,154
133,182
35,144
128,21
9,2
185,28
31,89
117,174
40,160
110,153
87,198
184,127
164,117
179,133
118,188
183,198
183,24
113,145
168,130
35,61
169,145
126,50
122,50
7,37
194,120
145,172
9,76
162,66
138,166
181,24
88,71
78,27
16,59
104,93
120,179
75,15
167,184
51,199
139,202
67,21
80,19
6,20
60,124
179,136
154,39
45,7
187,55
39,26
113,168
89,76
89,143
190,126
72,108
60,42
4,177
165,158
59,125
92,37
180,200
61,99
28,133
82,151
192,3
126,180
67,174
145,134
89,19
67,144
10,169
160,50
39,180
43,132
115,154
187,93
60,77
15,114
23,60
40,0
176,169
123,15
11,2
33,191
40,200
160,119
37,39
59,123
103,6
76,59
158,22
8,51
14,11
60,63
31,194
73,125
165,94
86,109
17,191
9,5
9,202
144,181
89,28
120,106
175,15
77,69
93,66
133,30
51,103
100,130
57,178
144,175
88,186
170,157
11,46
13,54
117,100
191,28
84,74
38,170
81,185
108,134
15,193
183,115
25,86
196,131
62,143
45,175
3,91
100,187
60,169
66,107
143,168
154,163
165,23
176,71
25,163
181,130
41,126
185,73
77,160
84,135
21,176
187,76
106,10
143,192
43,29
196,112
46,24
131,181
86,100
166,69
114,94
136,137
67,198
2,23
179,32
192,37
149,177
18,128
164,30
172,2
81,33
37,50
134,70
52,19
71,144
148,59
150,198
41,112
192,24
185,26
88,146
115,53
100,6
159,6
20,59
70,79
179,72
0,187
163,167
11,95
61,39
25,79
173,184
124,186
6,175
41,29
107,77
98,26
135,196
119,96
118,185
191,20
193,31
18,71
123,143
97,97
10,35
198,14
168,45
155,151
190,195
188,146
82,120
74,191
171,95
144,69
10,81
34,104
39,159
13,158
162,34
168,42
171,6
6,120
162,152
183,57
28,124
32,139
174,1
180,7
147,167
148,52
58,74
40,33
152,184
62,24
142,31
33,133
114,82
25,170
83,85
135,174
32,58
183,152
61,196
56,202
103,26
111,181
180,181
126,145
154,38
166,104
58,60
38,197
56,132
61,38
42,72
135,33
128,123
47,69
96,200
192,9
9,190
148,41
116,168
27,180
169,162
45,200
146,188
25,177
144,64
0,24
168,48
66,30
122,93
82,72
162,164
13,174
176,159
139,78
126,147
72,146
191,91
196,118
119,98
22,154
137,21
172,56
75,146
196,60
87,43
125,199
103,164
81,142
38,137
102,166
44,27
39,70
182,20
118,148
16,123
132,27
87,70
6,14
185,116
190,60
95,7
183,74
127,133
144,90
91,58
73,198
149,23
100,58
15,103
24,1
189,147
44,108
68,151
143,110
119,0
118,117
29,68
183,123
140,143
23,84
108,77
43,27
4,183
194,123
93,121
155,195
170,149
197,107
114,196
18,135
67,70
82,146
33,166
146,11
170,41
15,184
44,33
179,119
172,61
29,27
113,171
144,136
150,93
122,142
104,145
113,152
141,139
20,183
40,197
141,41
33,157
69,114
149,21
61,123
93,33
9,6
61,36
50,27
32,129
136,49
195,61
137,93
194,184
23,162
101,3
169,80
130,92
161,105
51,56
190,1
69,23
148,39
28,54
190,16
169,167
77,12
27,152
32,16
112,170
82,133
64,134
145,114
159,36
27,2
82,116
0,62
114,176
115,112
33,113
2,134
41,110
124,51
166,147
61,46
171,173
97,161
14,127
30,121
48,48
71,195
131,14
189,191
176,17
188,148
38,20
6,191
128,104
91,135
182,163
110,37
85,25
132,120
108,188
48,38
44,32
142,100
57,120
165,58
109,104
0,199
141,36
120,19
3,144
180,37
75,34
1,136
121,144
169,69
141,53
113,192
188,137
112,173
6,143
63,164
151,103
135,165
2,188
60,185
10,79
63,172
18,200
53,65
12,156
148,190
140,187
114,17
108,197
119,153
129,7
95,112
185,82
97,46
163,105
69,96
118,124
164,28
175,33
81,99
192,36
35,105
136,29
56,170
107,121
196,104
44,161
181,83
115,54
152,45
101,101
36,155
132,137
143,117
89,81
25,135
48,59
51,24
57,165
127,127
163,193
87,186
175,42
61,173
78,15
177,52
1,176
1,31
53,143
141,194
20,44
59,53
34,16
187,7
114,35
160,138
58,34
30,146
182,27
149,156
168,69
170,185
156,33
10,134
113,118
114,39
182,86
111,186
118,113
119,17
163,103
82,112
194,177
2,59
138,24
21,1
121,172
78,175
100,110
73,143
39,38
49,61
4,10
1,10
106,121
14,202
64,150
174,86
109,183
155,70
94,145
149,170
15,119
118,78
130,7
49,19
20,190
153,71
0,153
47,154
95,24
151,104
191,144
46,202
16,121
161,99
107,151
49,177
109,63
159,26
45,155
62,117
78,51
186,112
138,68
169,197
165,84
146,44
33,178
44,96
160,80
104,102
11,45
111,114
122,75
141,56
2,3
130,202
168,4
12,4
103,163
124,127
121,7
99,43
24,29
11,54
84,27
197,142
167,196
152,105
170,65
115,139
116,69
78,16
105,0
176,200
169,193
59,139
130,24
153,63
105,51
73,35
171,81
17,176
129,57
95,198
52,65
10,67
10,48
122,28
46,100
56,116
5,45
36,91
118,151
20,138
194,0
159,71
29,97
187,38
168,53
194,98
70,97
50,137
37,17
129,133
154,146
43,143
55,32
183,26
143,62
92,49
172,144
187,113
61,96
186,201
65,84
163,163
55,13
40,102
75,121
142,8
173,62
189,87
108,178
192,181
110,142
33,164
153,182
120,33
80,68
175,160
108,199
121,14
14,57
133,164
155,50
16,122
142,91
128,35
19,81
128,102
97,54
114,41
63,55
13,137
51,20
4,31
152,157
81,133
84,92
113,158
84,177
40,129
93,142
99,26
58,132
154,29
15,68
39,47
166,125
134,77
63,1
51,121
169,161
40,84
185,120
1,87
30,95
169,98
109,31
124,139
3,120
30,91
34,200
36,60
74,64
127,161
194,54
113,66
52,89
152,172
76,112
146,113
40,159
191,13
54,151
143,49
2,87
88,78
136,28
95,62
30,158
73,171
136,63
66,19
193,82
72,6
177,132
88,41
1,38
50,194
68,181
48,142
126,22
81,25
1,134
88,180
3,165
150,46
103,186
11,98
137,115
50,123
52,29
44,112
9,73
115,64
50,36
74,147
5,108
86,53
184,199
153,145
39,17
167,27
84,201
138,193
80,136
89,95
7,50
185,2
192,31
177,118
12,28
133,1
79,76
177,49
73,34
192,100
163,10
53,1
61,54
97,100
147,120
198,87
25,14
121,161
183,60
118,34
1,28
61,178
48,43
168,120
119,126
95,195
85,198
45,63
102,200
25,98
147,147
123,161
178,103
17,175
83,55
166,115
130,57
197,102
188,197
156,83
17,53
99,52
43,169
53,16
24,27
184,2
124,46
164,173
108,46
24,10
152,99
72,132
12,38
152,63
3,13
90,17
39,143
160,52
98,126
88,112
173,16
40,153
109,134
56,47
6,187
46,127
9,46
8,48
57,22
71,120
23,134
118,175
29,152
157,115
95,14
111,189
156,45
102,186
36,69
87,196
135,96
80,172
34,177
50,40
32,38
57,60
22,119
137,98
34,15
156,13
35,166
194,193
19,16
0,96
48,106
153,5
26,68
145,188
135,24
162,39
64,193
11,188
33,20
182,156
113,38
141,168
128,185
126,74
43,24
93,87
151,190
55,201
59,95
31,95
125,140
37,196
122,66
70,149
50,151
194,103
158,43
170,81
104,200
31,20
195,114
183,142
143,10
159,32
185,63
195,121
166,28
20,151
67,42
160,5
86,151
86,123
78,31
91,86
186,152
47,186
1,40
18,82
108,117
152,3
187,53
40,201
121,23
148,119
24,147
29,101
11,143
103,101
35,94
171,135
106,52
58,96
112,174
71,145
156,30
188,34
5,154
154,182
117,57
119,39
147,179
47,151
193,172
156,110
70,154
102,46
171,28
123,72
47,104
172,77
36,58
138,133
108,95
171,75
65,117
41,103
148,73
145,81
83,94
180,46
98,1
5,10
147,20
108,80
52,2
143,124
162,185
187,171
137,44
173,179
47,198
56,62
136,74
77,60
18,137
163,150
146,93
169,57
176,156
52,17
143,24
40,183
134,112
42,175
151,194
45,110
27,51
151,108
157,104
48,175
74,89
119,7
14,22
47,164
132,87
71,182
72,107
117,134
23,50
145,13
123,93
57,51
135,184
109,175
157,143
157,71
11,42
180,179
157,0
132,47
81,121
66,129
87,33
82,181
197,83
147,40
198,85
21,41
33,195
174,121
29,118
1,109
133,74
193,190
93,108
47,105
37,5
19,93
140,77
157,184
105,8
58,157
52,201
95,201
125,120
154,65
84,28
147,194
49,197
97,24
65,6
78,35
28,68
13,191
128,1
150,182
96,4
64,0
190,174
148,117
149,55
195,176
180,193
27,48
56,32
38,19
100,15
144,164
133,133
90,89
131,67
4,59
29,13
80,145
112,64
136,85
75,197
97,101
87,32
126,94
75,164
124,3
168,136
182,200
154,36
103,0
144,27
21,154
188,100
176,190
2,138
56,166
110,89
4,196
133,120
76,61
169,68
164,135
3,177
67,195
55,95
130,31
60,33
11,55
35,106
36,167
0,198
188,57
49,63
131,176
148,175
2,135
110,198
66,105
87,56
188,42
154,66
177,158
24,57
74,92
97,198
113,130
96,0
153,2
194,78
8,200
67,127
140,46
27,161
39,68
176,31
30,144
96,11
7,193
90,115
185,36
179,53
191,155
159,111
155,180
6,96
119,93
42,166
97,109
34,53
184,5
99,179
184,159
17,50
146,48
78,162
160,63
108,88
197,128
83,128
136,79
184,151
81,98
15,195
14,199
160,15
57,173
15,22
158,15
80,40
78,192
177,105
22,192
147,30
181,117
108,163
3,147
137,145
161,192
8,201
170,196
1,17
148,3
116,185
52,64
99,186
66,159
102,77
88,192
193,45
199,93
10,174
148,148
103,185
103,35
122,132
170,134
28,153
108,5
143,167
54,43
110,91
166,156
167,43
166,42
170,123
162,196
1,24
12,157
112,9
175,146
25,114
75,161
39,55
98,58
168,198
179,167
61,134
172,19
190,104
197,57
161,38
159,59
74,15
193,177
115,116
89,189
144,115
129,191
142,81
16,143
41,107
141,178
148,70
130,2
197,65
49,141
18,37
182,31
40,156
108,123
43,125
120,78
171,39
40,18
33,88
183,7
64,73
71,5
76,2
74,115
123,105
15,106
39,41
89,87
9,112
132,162
33,123
95,118
165,190
146,27
193,65
188,91
171,143
151,140
198,112
101,109
132,104
95,159
130,26
10,30
181,46
52,153
101,130
151,185
121,193
66,11
118,87
95,167
175,178
134,148
132,44
47,199
5,111
135,106
5,32
61,136
81,29
116,18
197,191
100,46
92,138
135,20
190,121
143,147
32,81
197,132
79,149
19,30
62,200
12,42
122,171
144,95
92,32
171,125
80,10
29,84
85,98
63,75
66,37
155,45
68,0
180,166
44,7
55,195
184,48
131,201
31,35
126,34
9,65
128,81
157,155
108,130
134,61
193,85
195,34
110,116
55,59
130,188
114,188
181,48
78,147
33,38
124,191
9,152
42,1
61,152
3,56
189,45
173,4
24,4
6,23
177,29
110,187
124,15
147,44
20,176
42,57
163,54
138,62
83,148
138,34
98,99
42,131
53,69
136,154
14,179
63,52
172,5
22,186
129,186
174,79
54,23
29,93
58,31
46,15
115,187
195,108
17,135
51,135
58,195
16,129
51,15
65,14
185,114
89,112
65,198
12,155
104,104
166,25
58,146
75,63
76,198
199,39
79,150
75,71
45,100
116,82
191,197
73,175
71,35
84,29
173,58
94,51
33,17
125,5
162,26
22,49
19,62
46,84
44,97
90,65
58,95
63,62
87,169
56,143
182,160
198,1
32,39
20,173
44,196
142,45
163,14
139,165
165,37
52,47
181,151
74,27
176,167
9,98
181,69
137,23
151,178
180,45
83,90
113,14
23,139
128,92
0,154
194,69
23,27
31,1
27,12
190,165
17,196
34,173
140,33
113,195
20,165
91,146
34,181
39,138
78,138
110,155
17,167
48,201
182,185
122,0
183,147
20,116
186,180
30,124
131,175
190,45
90,141
66,65
114,11
123,44
129,4
73,16
135,198
178,60
55,57
137,49
166,2
175,84
134,78
93,143
94,200
167,131
58,180
169,160
40,141
144,197
181,6
8,188
74,172
192,40
177,87
23,158
45,106
4,178
12,0
16,87
44,44
156,200
4,26
19,34
193,58
107,125
49,4
63,157
12,6
6,136
114,144
109,36
125,50
31,64
39,45
89,12
169,56
69,127
182,170
104,157
90,22
51,94
38,27
81,202
121,143
75,118
10,80
2,7
160,174
154,21
18,3
186,188
80,119
170,4
109,62
116,173
124,194
140,196
128,79
143,122
194,39
33,173
167,93
155,175
174,117
149,143
113,82
40,77
74,62
163,174
130,171
42,87
197,167
2,5
6,107
41,202
59,6
80,9
174,18
155,3
7,57
171,30
5,134
80,171
74,127
196,63
111,30
166,39
22,33
58,197
134,51
193,73
87,202
123,23
50,182
164,27
119,97
145,150
73,39
163,28
44,6
117,197
149,42
122,32
185,70
31,99
193,173
4,43
179,173
47,65
129,188
122,146
3,43
161,190
27,167
175,163
167,72
40,49
169,45
127,181
181,194
47,107
42,28
48,70
24,85
18,2
122,85
30,167
26,132
147,156
58,59
158,150
125,114
181,50
81,183
120,161
92,3
68,68
78,65
58,193
41,180
34,37
133,0
154,42
50,37
133,119
133,62
179,29
89,69
77,18
41,185
101,100
115,172
164,39
187,51
124,26
62,165
152,156
138,95
39,185
189,37
55,89
188,132
174,65
57,8
93,159
98,30
51,154
143,137
16,56
97,107
124,199
18,196
163,90
144,71
132,183
25,193
14,78
138,154
10,82
65,57
17,55
85,158
44,63
142,32
15,192
85,108
154,72
111,175
39,10
130,67
31,85
31,78
163,27
136,120
73,186
42,126
12,48
170,87
79,181
74,11
153,188
123,132
144,7
90,171
149,169
9,118
73,184
138,30
144,126
160,59
193,62
186,154
12,112
54,78
108,161
15,46
144,46
56,86
78,195
127,72
17,156
51,142
63,94
3,50
118,152
32,69
33,51
28,15
36,103
157,27
160,153
164,177
89,74
79,77
71,47
23,155
28,137
106,70
24,151
138,50
136,48
169,79
64,160
39,149
118,181
148,122
13,23
95,55
80,198
96,56
177,161
49,43
17,18
145,190
143,145
39,130
6,94
100,14
130,87
185,29
182,6
116,129
63,141
128,192
147,68
42,6
64,117
103,48
83,87
92,90
188,182
20,6
1,60
171,70
124,196
22,159
9,61
60,97
125,189
132,158
143,4
120,68
79,8
127,102
31,152
25,35
66,147
169,165
70,40
165,194
72,194
186,183
62,190
48,42
114,52
16,167
19,31
34,54
193,3
172,82
77,35
24,82
155,81
138,186
26,130
177,151
34,48
122,199
57,36
153,10
122,191
131,114
171,17
60,171
18,184
130,114
49,7
44,177
188,94
100,159
136,11
170,62
21,159
101,40
127,118
145,44
2,79
125,105
20,191
131,13
89,86
133,98
145,124
163,179
123,16
177,16
165,68
134,154
36,107
122,160
64,85
32,73
91,93
6,117
100,96
85,171
31,44
66,80
115,41
158,44
70,172
37,163
77,50
124,185
180,145
163,13
100,24
67,53
122,120
192,114
192,157
141,175
186,86
132,150
127,130
168,67
125,164
165,197
17,37
129,108
15,47
2,127
51,3
29,21
158,45
83,146
147,114
138,119
139,186
73,91
168,128
140,43
88,99
20,31
124,27
142,67
136,179
42,199
60,32
26,67
13,143
174,88
107,38
72,143
72,126
191,23
144,117
41,174
59,56
5,13
26,156
130,133
142,98
61,85
35,160
22,3
138,20
19,121
196,200
66,170
164,15
46,149
23,54
18,26
186,15
123,166
45,172
99,29
29,187
109,61
196,81
3,10
168,96
196,99
53,10
175,133
99,100
1,92
11,76
48,27
174,82
53,72
65,12
52,180
169,43
11,79
40,27
74,17
58,145
187,59
128,57
175,61
44,24
169,174
144,165
65,132
114,121
144,150
148,31
78,135
195,107
128,29
165,195
149,67
185,191
82,201
94,0
161,56
155,54
95,163
178,185
181,107
138,39
110,151
140,62
153,45
129,130
12,130
170,132
149,157
3,96
176,13
113,0
99,27
136,12
136,147
15,146
29,75
124,158
46,148
99,106
182,24
108,202
146,31
111,90
173,27
59,94
123,171
87,2
13,47
136,15
189,169
52,163
10,154
17,105
109,16
32,64
178,59
118,126
51,63
180,139
16,69
164,8
114,109
83,53
162,18
124,68
192,162
160,20
83,114
190,24
66,9
68,95
145,193
188,58
36,163
76,39
113,114
196,70
168,190
56,184
98,134
135,39
65,76
80,180
19,78
19,141
172,25
111,132
99,9
65,140
118,92
92,118
111,174
199,192
162,91
96,199
86,169
185,14
187,150
180,152
105,178
199,167
181,49
178,127
104,117
46,159
22,150
142,154
166,10
157,153
118,96
169,134
27,75
23,149
139,77
123,11
19,117
119,105
114,154
37,37
40,164
29,6
174,158
141,73
63,92
83,127
182,122
18,88
27,79
3,168
108,195
129,95
64,6
16,182
175,122
180,91
117,126
163,63
127,87
179,34
53,176
16,120
182,89
114,14
8,45
41,140
11,148
191,74
84,44
69,71
7,87
115,10
121,106
108,19
54,18
12,17
180,165
175,87
30,196
196,40
76,176
55,131
133,93
109,128
84,86
25,166
88,17
102,156
92,151
105,49
118,99
91,141
18,78
199,138
181,1
1,47
183,51
83,0
176,46
151,56
198,56
169,48
5,86
58,169
42,68
52,124
89,0
44,172
7,167
168,2
104,177
0,41
41,139
51,11
56,201
80,13
58,88
57,98
59,165
94,149
156,67
74,33
199,108
13,176
179,109
21,49
46,59
49,53
25,60
55,0
108,103
69,125
150,54
147,61
10,135
21,43
198,110
146,119
5,0
165,128
129,10
58,124
197,122
114,197
147,150
42,108
20,172
15,4
94,93
31,68
115,96
8,187
158,114
22,147
184,85
146,54
123,187
183,139
47,139
135,30
160,7
198,81
161,15
25,172
21,193
160,155
28,150
144,123
168,84
14,175
194,51
74,105
178,180
40,55
91,0
46,113
37,162
46,8
186,95
48,186
131,84
177,70
70,84
176,187
102,34
114,26
155,198
108,1
50,159
127,46
109,118
37,55
142,68
30,128
168,12
164,68
192,156
4,168
169,123
0,115
125,129
12,55
59,162
127,145
14,191
20,53
9,123
166,82
197,163
85,176
123,172
54,157
167,154
70,41
38,50
133,90
51,116
63,36
141,182
72,164
163,199
26,186
90,103
171,130
122,150
127,94
161,198
164,59
26,145
31,65
145,71
163,117
35,158
59,124
198,86
176,170
80,161
29,3
61,6
80,39
45,79
103,63
155,102
32,30
148,35
111,195
115,123
167,189
195,122
80,186
148,10
77,59
7,156
116,3
10,8
4,171
192,19
175,177
167,117
123,136
171,131
153,181
114,174
61,183
73,0
27,192
160,25
81,152
194,148
33,201
78,13
93,90
108,185
127,8
95,147
143,175
47,174
149,75
76,68
176,50
136,34
188,40
199,41
112,0
134,17
53,49
160,154
123,112
104,51
193,7
11,10
36,42
31,129
117,35
76,49
4,120
165,177
85,31
79,115
156,59
46,176
43,16
2,107
172,95
185,200
183,114
122,166
134,9
117,125
191,100
99,10
122,175
199,24
197,135
91,29
68,180
144,33
61,127
20,9
28,173
52,167
151,91
90,0
142,153
90,200
191,175
147,183
29,156
9,197
54,173
10,77
173,114
78,73
122,165
64,122
35,46
121,61
186,11
156,148
107,29
80,196
131,199
187,117
61,165
109,171
0,11
196,105
181,183
129,120
71,147
86,145
66,156
122,116
62,119
73,50
198,33
97,138
143,158
96,103
16,184
185,123
139,73
40,41
63,58
126,132
53,170
135,199
115,86
91,89
194,139
64,153
90,46
32,24
116,138
73,80
155,152
153,12
125,200
24,160
30,155
117,114
196,62
143,153
109,5
164,155
18,70
196,67
50,13
53,86
39,62
170,77
114,118
106,8
69,25
33,46
116,30
94,61
48,28
88,63
138,145
52,192
135,123
56,155
179,160
152,107
177,61
52,91
178,55
61,14
8,176
109,57
13,90
8,64
153,193
86,130
83,111
74,189
0,17
135,42
69,171
26,115
63,130
91,4
193,51
26,135
84,118
159,176
161,40
170,7
60,167
59,77
31,37
14,156
199,55
94,123
15,128
173,6
32,91
19,195
66,135
0,156
138,127
141,116
194,117
179,5
69,12
186,2
186,97
159,199
85,38
37,160
88,84
49,179
35,72
32,18
7,95
55,15
37,31
11,64
145,133
78,187
22,126
135,53
150,22
33,136
170,170
113,5
125,66
140,17
43,113
180,131
141,15
190,153
80,200
85,97
25,76
123,65
161,185
56,13
190,19
92,192
57,74
82,56
189,27
20,58
106,172
124,89
118,79
173,165
167,118
143,189
60,30
182,66
7,16
129,59
150,200
29,82
71,84
170,159
142,82
155,48
24,73
0,60
16,0
63,7
57,101
15,11
71,49
128,117
18,39
13,121
114,79
28,138
15,125
169,164
172,33
48,32
16,22
161,156
122,181
16,14
180,74
169,34
13,72
32,154
146,176
101,200
145,199
13,170
65,1
30,170
7,123
147,176
141,136
54,76
52,6
58,39
17,106
150,13
95,162
32,61
1,73
19,35
187,168
156,49
190,118
27,36
1,146
186,35
133,173
194,100
145,105
88,148
134,73
175,151
143,146
77,123
78,57
154,62
110,190
26,7
123,142
156,168
159,110
98,56
165,135
191,0
29,181
59,111
168,183
132,133
172,122
180,115
179,41
97,25
90,191
86,96
146,139
47,62
56,90
180,52
70,9
57,93
104,36
7,35
161,53
84,11
101,140
110,72
181,41
75,67
7,82
24,56
2,186
85,199
112,16
70,60
170,130
159,128
64,147
9,102
190,71
122,77
155,139
69,190
154,54
158,148
96,108
118,140
87,190
170,109
20,162
55,63
184,75
155,34
188,60
77,193
192,169
176,3
59,132
14,76
83,167
74,60
179,71
8,53
185,34
161,170
141,94
198,117
21,58
145,50
155,150
32,44
40,10
185,194
170,93
77,106
63,149
133,66
88,119
53,135
127,79
142,89
156,87
21,175
95,104
138,114
197,131
87,177
14,160
75,180
147,185
71,183
100,152
24,92
12,88
22,158
61,202
40,66
53,53
143,80
46,102
129,1
119,124
43,64
155,63
18,194
186,76
118,122
179,73
54,37
155,182
20,11
80,12
35,54
23,12
11,39
142,194
114,83
64,144
117,10
144,47
47,92
31,55
111,155
75,139
46,13
19,144
77,84
174,3
90,30
117,74
52,35
188,62
16,145
88,139
91,163
10,18
109,70
63,30
157,124
85,119
146,87
58,14
130,170
148,51
103,160
68,37
11,53
16,17
132,33
38,102
143,81
109,199
83,143
28,88
185,65
33,26
177,171
46,53
46,141
65,65
31,53
166,193
155,142
55,150
24,2
89,73
43,98
170,171
116,9
179,162
28,21
173,140
21,147
118,29
46,142
24,11
140,50
13,192
177,47
98,202
197,174
166,16
48,20
61,74
71,181
17,193
81,71
35,139
153,143
184,180
134,93
168,63
69,134
152,139
180,196
158,175
80,149
144,155
49,150
95,11
42,102
46,30
80,49
96,74
34,49
34,189
18,41
27,71
155,66
133,40
175,90
87,153
29,91
131,113
57,52
117,150
31,176
61,161
198,151
42,158
7,15
106,14
114,34
71,102
164,40
124,90
127,171
4,145
39,23
92,174
159,140
12,137
17,186
171,99
49,168
9,195
82,18
22,36
78,20
61,43
8,70
23,70
180,75
39,15
60,200
96,8
84,71
58,121
186,0
57,163
191,200
188,80
54,144
51,69
183,150
167,53
89,94
178,102
189,3
45,6
173,180
3,8
191,138
178,50
145,136
192,29
59,44
9,62
181,142
53,34
24,155
128,145
26,18
68,75
164,195
65,172
94,185
23,0
37,165
135,104
61,120
135,153
140,39
10,182
69,20
145,12
190,10
43,145
76,23
85,181
190,120
69,201
125,108
76,64
153,104
111,93
139,116
70,174
195,186
73,200
54,111
68,2
3,70
16,28
77,63
3,62
42,15
166,43
178,114
62,42
124,151
164,190
193,43
151,93
179,8
161,187
189,152
134,113
4,27
166,148
19,120
196,169
67,183
155,60
81,77
152,60
190,138
197,153
162,68
123,185
10,20
2,115
67,175
143,172
127,34
116,77
148,1
75,125
128,106
184,141
176,57
184,26
173,186
85,122
56,29
115,88
197,182
131,11
181,55
79,159
54,118
20,26
8,110
197,144
149,40
42,96
145,60
123,32
186,14
5,123
6,138
49,90
32,149
130,42
144,49
176,172
17,189
145,7
148,62
22,27
56,200
66,6
32,50
56,60
83,195
199,18
186,118
26,92
160,22
114,145
113,159
128,64
159,27
129,103
63,2
122,125
198,55
126,10
169,184
67,34
191,174
111,7
36,89
18,174
101,28
68,134
109,184
3,57
21,162
162,162
47,169
161,153
199,162
154,165
171,118
129,33
32,29
195,170
155,144
91,64
74,28
27,35
27,59
74,86
95,0
3,170
189,157
83,117
7,11
109,1
155,36
177,125
51,51
27,113
40,152
93,161
140,83
72,135
140,135
135,182
34,23
173,93
17,32
169,139
162,121
45,70
73,117
69,102
90,82
185,129
70,195
90,118
197,158
63,32
137,78
18,171
58,98
30,160
74,2
151,100
172,176
76,9
57,80
158,29
187,88
161,61
92,147
163,146
149,73
58,57
6,27
171,85
0,76
58,49
150,172
102,185
123,60
125,3
131,124
120,51
169,84
54,92
167,5
138,156
78,148
137,68
151,101
53,27
199,28
55,48
127,78
178,197
42,98
120,137
112,143
182,158
127,93
178,143
74,137
131,94
173,32
4,201
82,153
85,21
111,156
161,163
150,52
48,172
115,188
161,180
168,124
135,60
82,180
39,162
1,66
142,75
60,195
0,148
133,121
49,142
98,131
64,42
6,75
123,177
146,133
180,34
42,160
79,186
122,117
108,11
191,199
78,6
128,80
109,163
11,50
128,186
71,2
20,24
192,44
129,178
80,82
142,58
90,7
104,44
35,121
59,99
143,5
67,128
124,164
101,159
186,153
191,165
177,53
169,198
60,60
58,135
196,50
128,153
177,117
43,194
153,68
145,65
95,15
20,46
9,151
183,19
1,80
189,12
173,141
107,192
97,40
32,168
87,76
116,72
149,175
1,69
54,167
44,158
99,169
85,61
142,62
182,21
195,146
55,157
41,18
55,183
79,13
174,28
18,115
173,74
41,201
138,52
29,199
117,76
29,150
144,124
187,48
25,117
195,22
110,186
1,196
9,35
12,176
16,34
131,184
114,54
193,15
106,193
75,77
103,50
17,8
171,53
155,97
74,90
130,108
33,162
84,67
11,179
30,4
164,147
188,26
46,70
1,49
61,175
180,185
95,98
154,3
170,114
82,90
192,140
198,90
27,31
57,182
168,30
103,89
19,22
14,64
9,114
151,53
82,125
195,54
96,162
137,170
31,49
140,149
181,167
171,202
80,6
172,132
68,198
27,140
46,63
25,20
76,113
169,87
197,7
190,89
11,1
167,34
25,75
177,181
65,151
18,35
186,80
158,151
85,40
130,29
180,169
139,161
154,61
197,67
71,33
71,91
113,30
2,155
58,62
126,37
176,86
154,103
29,10
184,3
60,144
176,77
199,22
81,111
110,171
122,115
3,73
66,17
12,115
50,190
25,188
167,136
70,69
9,136
34,52
14,14
71,104
162,109
154,169
95,41
74,37
11,29
106,49
97,12
146,72
134,164
54,7
109,11
14,126
151,106
152,1
189,121
134,26
56,129
199,183
0,176
184,65
199,56
84,116
193,29
34,60
181,72
149,189
12,78
185,190
190,149
187,52
131,191
181,157
38,81
121,74
45,166
27,19
71,23
97,9
172,120
76,160
3,99
5,28
199,187
21,20
133,73
87,137
85,81
0,110
102,40
114,67
19,156
148,168
18,151
197,30
131,29
108,87
104,7
186,5
32,151
51,117
38,2
154,45
100,170
122,144
164,183
169,71
42,54
84,19
51,30
176,127
79,113
126,191
5,141
189,0
39,4
10,95
112,198
154,70
121,163
58,129
192,2
171,101
68,168
151,172
194,1
61,88
171,84
142,57
31,192
65,53
105,64
49,68
11,140
57,91
119,99
176,1
27,118
90,83
28,188
42,55
5,170
146,78
0,185
22,129
72,114
155,185
121,182
19,126
72,181
44,80
29,7
33,61
181,164
45,34
174,19
159,23
5,60
47,153
88,67
17,125
149,108
170,53
67,118
191,167
135,32
25,73
105,147
166,166
137,40
194,55
29,183
142,162
98,11
160,81
170,39
83,20
11,19
86,85
106,124
133,103
26,26
92,125
128,33
85,28
143,3
56,193
30,148
197,152
82,175
155,128
167,123
92,116
65,194
65,96
106,175
161,22
10,196
174,4
99,141
153,48
44,85
157,151
94,6
62,148
135,139
65,9
113,148
190,162
107,39
131,20
36,33
71,132
177,27
127,26
19,131
126,140
1,117
54,33
147,173
173,42
6,33
148,142
9,44
158,165
37,13
141,113
63,14
45,142
175,63
6,114
123,140
127,68
179,9
198,191
71,94
72,37
148,25
13,193
96,189
138,147
57,57
36,200
174,129
123,51
53,186
9,128
175,198
150,9
4,28
197,86
174,188
12,7
139,18
27,16
187,92
179,91
9,153
139,8
17,77
61,20
159,58
199,202
132,182
57,149
128,130
27,135
96,155
5,98
146,156
77,14
105,100
17,158
65,153
124,171
185,16
41,77
8,198
81,153
156,197
142,157
62,112
68,147
123,1
71,198
163,62
88,23
144,127
73,107
6,1
127,122
156,28
104,122
166,62
131,34
21,161
171,172
60,59
0,13
185,198
79,49
151,11
184,173
193,38
79,89
76,106
148,138
58,38
13,9
35,157
36,21
163,58
165,103
175,140
136,193
197,108
75,36
106,16
91,32
135,133
192,152
33,158
30,27
168,70
164,21
158,9
164,168
56,164
29,41
37,148
31,186
62,131
181,140
1,167
167,81
15,50
65,180
188,121
12,152
27,82
151,149
165,64
27,178
152,141
14,171
180,5
137,33
74,75
69,65
28,97
59,17
43,190
151,49
119,68
192,48
38,4
12,86
122,15
175,119
100,75
120,18
100,195
120,90
17,34
65,118
126,126
61,185
198,172
155,114
88,83
182,57
32,116
5,64
49,155
140,177
149,198
62,71
12,134
123,119
103,199
63,145
88,130
150,35
37,7
187,172
24,8
122,140
38,183
38,185
31,28
104,149
35,26
102,91
10,164
129,15
0,7
109,126
15,71
2,20
139,97
123,61
37,179
157,14
98,20
196,196
36,159
25,26
143,88
113,173
49,116
138,126
84,97
68,40
7,113
46,162
160,196
26,37
32,171
54,12
38,66
65,124
1,22
146,191
84,117
32,48
179,141
194,183
61,169
179,200
57,176
55,66
164,120
31,9
8,125
86,154
178,107
78,3
81,13
43,35
14,198
127,159
90,93
158,0
197,45
4,198
37,63
177,198
125,134
166,196
132,187
91,134
175,193
33,183
180,59
68,14
121,21
145,97
88,194
76,7
26,127
126,9
112,182
5,67
112,179
52,113
180,9
181,138
40,103
194,187
44,201
20,74
57,68
24,71
6,88
115,5
139,168
136,31
102,90
37,200
9,201
42,173
132,1
90,170
62,105
17,143
113,128
23,105
154,71
159,182
198,186
193,151
177,185
112,95
178,132
9,52
69,196
123,190
45,13
142,93
179,190
77,135
154,178
169,91
17,25
3,26
110,143
79,14
184,47
172,138
29,52
21,81
152,155
152,30
195,17
68,89
188,44
66,149
166,13
35,153
160,71
87,17
66,164
146,140
59,46
37,43
5,54
179,146
46,167
2,183
50,188
140,21
185,174
178,168
179,188
90,161
59,122
21,172
89,98
147,175
105,110
24,116
19,105
40,128
66,194
188,41
92,159
33,6
171,97
145,135
11,119
195,158
21,53
112,25
147,64
9,86
142,109
186,55
196,9
141,82
109,4
199,165
191,169
10,99
132,34
192,0
124,37
136,87
173,8
195,196
42,155
142,0
19,71
59,88
80,18
190,182
31,171
39,27
94,45
68,137
177,6
78,32
90,172
140,10
104,202
45,4
0,194
69,149
127,28
197,63
154,131
117,128
193,50
165,151
90,122
153,184
29,202
120,60
156,22
96,131
173,134
143,21
14,194
27,62
53,48
19,200
48,141
79,28
177,94
32,35
187,114
167,161
63,186
196,11
115,190
3,101
130,175
11,132
131,183
26,176
42,29
3,116
17,29
86,11
185,144
19,178
110,78
120,16
3,173
114,13
163,52
185,143
185,183
38,195
116,75
99,153
143,68
92,106
176,75
106,123
55,146
95,111
63,126
173,78
100,20
48,47
193,12
40,192
107,197
44,165
53,28
46,33
96,110
7,6
164,141
135,155
151,37
112,82
24,45
24,88
54,58
81,34
61,41
185,119
69,86
5,81
1,200
50,201
36,202
47,202
197,92
28,73
10,177
37,45
152,175
176,178
16,95
133,25
77,94
120,153
172,1
39,66
141,166
115,200
194,196
42,20
10,32
58,26
163,189
41,60
144,28
103,13
144,167
131,10
123,88
21,70
109,154
5,96
143,185
82,142
139,139
196,139
49,28
83,5
192,170
51,45
1,0
155,23
117,68
116,55
28,67
72,192
24,84
16,23
82,55
59,120
152,138
155,199
5,15
77,33
192,161
154,140
34,154
85,71
54,186
4,82
181,161
59,173
172,126
120,128
33,89
25,174
87,22
105,201
158,168
50,156
57,97
6,101
75,127
93,5
84,187
108,32
181,136
192,13
45,69
175,92
80,121
102,44
71,175
21,69
172,55
101,183
27,197
111,151
50,157
129,90
185,165
36,157
53,126
180,41
124,30
9,185
129,28
61,131
34,143
22,130
27,34
100,180
76,175
47,4
191,157
4,100
73,123
26,144
62,189
86,93
100,196
136,180
74,194
107,10
39,168
168,22
2,48
41,40
114,7
27,30
113,34
138,38
88,75
106,195
87,154
80,30
19,152
186,66
185,160
0,64
59,79
61,143
195,188
4,202
78,48
199,59
146,153
137,52
149,144
66,199
53,98
38,202
52,53
63,182
174,5
2,74
45,85
118,91
125,198
140,165
193,126
35,104
26,193
3,33
127,69
177,79
64,151
130,177
29,179
22,188
49,119
132,36
179,127
7,86
183,45
101,96
143,17
44,22
155,126
24,124
198,99
67,122
0,80
57,190
49,51
31,130
74,152
82,97
168,180
11,52
169,172
90,177
124,60
83,155
78,37
44,19
20,155
148,14
60,181
69,3
77,68
11,115
49,74
174,184
177,130
142,184
30,157
197,157
54,145
140,48
44,20
117,75
134,63
156,173
46,3
19,12
72,48
150,26
73,201
63,196
122,90
19,155
117,152
15,154
73,105
176,6
117,85
83,200
93,47
178,39
161,106
1,170
132,144
145,25
3,181
1,177
76,78
10,27
163,187
128,36
146,28
193,94
23,18
107,144
170,168
22,41
32,167
192,81
41,173
80,148
89,5
163,71
130,6
87,13
74,30
60,21
52,122
53,166
88,76
87,39
128,9
169,77
33,66
124,71
151,38
107,88
94,101
129,126
19,68
57,181
156,10
8,97
17,65
164,179
175,16
53,179
151,81
112,32
162,19
10,88
5,140
186,124
45,53
20,54
1,9
102,11
125,0
132,29
27,56
172,74
64,63
131,80
68,135
3,183
63,6
139,50
137,55
25,124
11,20
120,182
121,202
28,38
162,171
189,11
150,20
115,115
154,16
80,29
147,63
42,197
6,68
181,39
174,54
118,14
74,181
56,35
43,116
37,89
48,23
96,21
29,25
63,106
197,87
195,3
117,187
116,186
22,11
193,158
89,66
191,134
110,8
146,94
116,119
156,125
46,16
183,72
44,157
60,189
197,137
56,168
116,24
70,189
173,12
33,77
60,139
145,19
112,126
80,179
124,65
167,98
149,57
160,90
180,38
53,132
60,14
112,77
101,6
7,31
168,59
42,127
172,59
81,85
162,140
188,149
78,22
86,71
144,198
85,75
50,196
118,81
83,14
8,14
136,62
110,117
104,92
36,38
48,68
67,191
58,100
31,128
134,176
149,104
36,141
143,40
163,67
158,79
42,66
4,14
60,92
148,92
191,112
4,185
133,85
36,41
78,140
84,129
22,155
96,23
172,131
12,49
119,184
31,84
52,51
106,95
173,36
192,109
15,3
89,1
134,139
71,59
86,170
162,122
119,80
77,107
2,118
157,97
27,132
190,95
78,143
64,187
112,71
195,16
151,166
121,103
192,112
19,174
81,163
149,27
103,184
28,43
113,33
115,70
13,53
96,77
162,93
22,142
125,20
6,62
116,74
26,42
28,158
182,84
33,202
174,163
6,59
50,155
107,177
164,188
16,93
139,39
90,12
172,151
106,127
48,93
169,16
73,65
1,96
10,202
60,56
196,12
88,181
133,140
98,7
139,35
197,64
128,59
71,92
28,32
146,106
124,21
28,14
139,74
148,184
117,97
169,13
188,75
179,81
12,62
89,131
144,156
43,94
93,104
152,79
120,147
68,57
198,66
56,177
186,196
180,189
32,40
38,186
107,80
186,29
95,106
20,83
18,187
85,57
76,124
185,76
20,20
112,146
94,87
153,198
193,186
62,169
116,136
22,145
89,132
23,196
12,52
194,163
20,22
51,35
4,29
29,136
86,200
57,160
77,1
89,119
181,175
178,181
49,160
196,128
24,34
192,43
191,122
189,109
29,124
97,57
2,77
138,170
3,31
14,147
65,16
186,186
143,30
0,4
67,3
40,59
59,38
142,200
93,37
44,192
12,31
53,194
138,185
165,67
166,86
25,13
128,120
22,13
100,127
180,144
134,104
52,170
28,175
186,168
11,31
65,128
135,3
173,188
36,66
173,23
98,6
43,87
15,139
103,155
89,180
10,201
182,121
174,85
196,75
67,182
175,96
23,19
35,154
194,186
109,151
128,128
34,144
120,67
79,160
141,197
83,80
174,98
197,106
114,36
183,107
196,195
2,145
144,158
84,181
167,63
161,157
72,26
13,50
190,117
125,116
123,192
143,201
91,90
126,87
135,121
61,11
62,14
168,199
43,115
199,90
40,53
31,140
189,164
58,52
170,30
94,88
182,117
15,5
8,195
114,141
28,183
144,98
30,3
24,38
24,194
81,148
150,90
125,183
44,29
41,71
1,131
191,35
165,38
52,200
10,148
34,146
181,65
180,18
27,111
198,120
152,47
38,199
137,141
146,166
88,58
124,174
72,133
12,82
114,134
50,87
45,158
106,151
86,192
141,61
84,184
89,33
100,4
21,174
68,175
158,83
140,129
53,174
77,127
86,3
67,15
102,195
10,55
110,97
68,114
143,141
151,19
152,43
111,100
126,174
51,89
81,137
189,131
139,95
140,162
112,36
165,167
180,149
78,193
74,175
178,146
19,108
32,46
85,126
58,68
59,85
76,67
166,181
195,55
125,28
8,137
166,96
3,134
157,48
197,130
196,101
40,63
177,137
197,96
9,193
38,17
126,172
147,191
13,25
137,17
127,188
41,50
31,185
171,145
74,134
193,129
41,65
110,62
8,98
92,201
199,86
147,144
199,82
30,46
149,58
75,92
118,135
19,138
39,119
165,114
89,114
18,58
84,21
155,110
174,66
36,4
171,18
8,19
32,179
170,161
20,188
153,67
63,139
80,79
176,52
99,53
63,115
8,199
21,187
176,158
11,60
172,17
65,67
73,82
173,156
55,55
132,10
45,129
168,39
157,66
183,86
5,112
154,191
174,159
106,86
108,34
191,73
29,128
161,165
129,197
181,202
146,8
173,154
65,93
23,188
187,131
119,116
13,119
164,58
64,174
19,104
37,93
190,79
10,40
198,141
19,50
108,119
159,51
168,122
152,68
76,66
182,63
70,86
23,156
115,196
14,79
15,17
66,166
135,23
37,137
66,142
130,183
133,43
77,22
25,30
134,72
182,138
6,119
21,145
84,195
45,57
23,122
106,2
78,49
14,37
55,139
168,76
166,66
184,82
172,201
52,107
154,79
83,150
11,180
198,108
149,9
64,61
33,192
134,69
161,60
116,184
148,69
128,181
159,41
14,185
55,41
48,31
74,48
199,79
109,76
59,184
131,43
121,70
20,136
14,122
177,92
109,72
113,180
145,183
99,58
158,5
179,150
44,164
28,119
117,71
30,68
168,52
27,145
120,81
106,164
58,94
168,118
112,23
183,183
25,17
184,175
68,186
134,59
50,121
2,44
14,150
99,97
36,150
27,165
10,64
173,192
77,196
135,55
159,39
76,190
73,19
124,131
89,181
44,16
142,178
87,74
155,24
172,49
4,197
117,80
49,45
43,184
128,107
112,63
21,158
144,80
8,183
79,164
189,22
168,116
104,107
59,27
156,157
168,79
127,108
18,20
118,160
60,123
10,139
3,74
12,140
83,156
135,18
50,187
5,152
25,195
187,23
121,197
105,48
146,185
177,35
130,152
48,17
99,30
5,138
98,136
140,141
82,183
144,178
174,164
129,185
194,87
68,18
123,145
121,176
111,40
0,108
18,154
153,57
8,16
17,145
34,159
14,183
7,33
196,152
134,159
27,175
173,198
0,72
83,43
77,129
4,167
17,79
44,66
31,138
173,191
130,123
15,197
43,13
41,98
81,91
197,56
136,42
116,86
0,70
60,159
90,72
152,195
3,49
133,170
151,189
43,160
139,4
83,84
158,128
18,22
187,8
1,102
108,177
140,0
150,23
60,93
115,26
116,2
165,36
69,59
141,75
49,106
191,114
27,170
21,137
141,128
98,161
77,179
124,202
19,75
112,72
28,185
90,193
40,40
20,195
78,126
168,143
50,144
182,114
187,198
110,126
30,201
38,3
30,131
159,198
46,151
77,13
100,79
99,159
69,131
189,36
179,100
104,4
30,151
119,115
72,29
109,96
176,30
169,32
25,71
144,58
15,43
187,19
165,16
52,103
168,172
150,152
188,95
142,123
72,22
146,163
146,4
119,74
167,175
115,148
11,187
58,25
17,82
108,105
149,18
126,25
104,15
140,113
97,182
147,47
115,13
117,87
10,5
95,13
84,113
7,103
133,114
76,202
172,20
68,1
198,121
151,90
57,94
159,9
44,174
70,126
152,16
172,7
102,130
26,17
132,12
31,51
142,108
112,154
16,47
20,114
178,88
130,22
161,1
148,158
136,67
159,2
174,44
139,16
160,37
193,39
140,47
48,111
183,116
173,54
71,162
197,15
80,178
6,112
166,59
119,49
160,57
81,3
84,139
186,176
184,135
125,118
95,103
177,26
107,48
193,32
172,190
131,92
87,100
107,148
155,171
198,199
158,131
12,14
50,172
157,156
62,161
125,22
117,62
68,21
37,110
136,199
21,87
44,103
152,23
8,15
67,104
78,105
10,98
32,124
43,69
57,82
42,115
179,117
158,48
119,67
199,51
193,49
115,32
73,60
187,119
52,50
24,17
7,115
174,149
164,140
158,159
183,90
150,195
142,132
159,14
42,149
95,89
126,161
130,88
124,121
91,196
150,62
126,86
153,191
175,70
4,115
87,131
194,125
165,192
66,124
137,51
50,177
121,139
133,166
145,129
182,131
57,100
151,63
6,158
120,160
188,32
1,141
126,113
118,6
176,196
19,89
134,114
137,114
17,54
191,43
191,69
58,86
95,53
98,184
190,151
82,14
114,137
37,184
177,108
38,63
15,58
4,166
146,68
60,27
130,20
72,186
147,26
106,88
175,48
158,60
120,121
14,27
28,5
26,200
167,32
150,168
196,20
122,17
83,28
1,27
27,37
193,183
99,168
170,91
31,6
2,68
151,89
166,83
39,53
81,199
46,154
185,138
0,32
165,14
164,197
168,18
159,34
76,200
190,75
142,167
138,117
18,102
47,195
29,185
79,185
42,22
89,193
178,85
69,17
93,93
167,128
14,162
129,137
53,39
79,74
184,145
134,190
75,8
133,34
139,24
41,190
28,117
144,75
132,193
61,31
22,58
30,181
189,39
102,12
194,116
108,133
55,90
133,38
58,153
36,39
193,2
60,137
1,16
192,174
50,10
49,122
74,136
